Workbook

Sheet Summary
A1: DM dataset comparison: reference vs newly created
A2: Reference = tabulations/sdtm_datasets/dm | New = use_case/sdtm_out/dm (from raw_to_sdtm_dm_fixed.sas)
A4: Measure | B4: Reference | C4: New | D4: Comment
A5: Observations | B5: 306 | C5: 15
A6: Variables | B6: =COUNTA(Variables!B2:B27) -> 25 | C6: =COUNTA(Variables!D2:D27) -> 19 | D6: Counted from the Variables sheet
A7: Subjects in common (by USUBJID) | B7: 0 | C7: 0 | D7: PROC COMPARE matched no observations; value comparison not performed
A8: Subjects in common (by numeric SUBJID) | B8: 0 | C8: 0 | D8: No overlap on SUBJID either
A9: Variables: exact match | B9: =COUNTIF(Variables!F2:F27,"Match") -> 4 | D9: AGE, COUNTRY, DOMAIN, DTHFL
A10: Variables: length differs | B10: =COUNTIF(Variables!F2:F27,"Length differs") -> 14 | D10: Same type, different length
A11: Variables: only in reference | B11: =COUNTIF(Variables!F2:F27,"Only in reference") -> 7 | D11: RFXSTDTC, RFXENDTC, RFPENDTC, ACTARMCD, ACTARM, DMDTC, DMDY
A12: Variables: only in new | B12: =COUNTIF(Variables!F2:F27,"Only in new") -> 1 | D12: BRTHDTC
A13: Variables: type differs | B13: =COUNTIF(Variables!F2:F27,"Type differs") -> 0
A15: Conclusion
A16: The datasets contain different subjects, so values could not be compared. USUBJID and SUBJID formats differ, and the new dataset is missing 7 reference variables and has 5 of 15 RACE values and all of ETHNIC, ARMCD, ARM and COUNTRY blank.

Sheet Variables
A1: Variable | B1: Ref type | C1: Ref length | D1: New type | E1: New length | F1: Status | G1: Comment
A2: STUDYID | B2: char | C2: 12 | D2: char | E2: 20 | F2: =IF(B2="","Only in new",IF(D2="","Only in reference",IF(B2<>D2,"Type differs",IF(C2<>E2,"Length differs","Match")))) -> Length differs
A3: DOMAIN | B3: char | C3: 2 | D3: char | E3: 2 | F3: =IF(B3="","Only in new",IF(D3="","Only in reference",IF(B3<>D3,"Type differs",IF(C3<>E3,"Length differs","Match")))) -> Match
A4: USUBJID | B4: char | C4: 11 | D4: char | E4: 40 | F4: =IF(B4="","Only in new",IF(D4="","Only in reference",IF(B4<>D4,"Type differs",IF(C4<>E4,"Length differs","Match")))) -> Length differs | G4: Different format: ref 01-701-1015 vs new CDISCPILOT01-701-001
A5: SUBJID | B5: char | C5: 4 | D5: char | E5: 20 | F5: =IF(B5="","Only in new",IF(D5="","Only in reference",IF(B5<>D5,"Type differs",IF(C5<>E5,"Length differs","Match")))) -> Length differs | G5: Ref is 4 digits; new is 3 digits (zero-padded)
A6: RFSTDTC | B6: char | C6: 10 | D6: char | E6: 19 | F6: =IF(B6="","Only in new",IF(D6="","Only in reference",IF(B6<>D6,"Type differs",IF(C6<>E6,"Length differs","Match")))) -> Length differs | G6: New is blank: no source in raw_dm.csv
A7: RFENDTC | B7: char | C7: 10 | D7: char | E7: 19 | F7: =IF(B7="","Only in new",IF(D7="","Only in reference",IF(B7<>D7,"Type differs",IF(C7<>E7,"Length differs","Match")))) -> Length differs | G7: New is blank: no source in raw_dm.csv
A8: RFXSTDTC | B8: char | C8: 20 | F8: =IF(B8="","Only in new",IF(D8="","Only in reference",IF(B8<>D8,"Type differs",IF(C8<>E8,"Length differs","Match")))) -> Only in reference | G8: Add if required; derive from EX
A9: RFXENDTC | B9: char | C9: 20 | F9: =IF(B9="","Only in new",IF(D9="","Only in reference",IF(B9<>D9,"Type differs",IF(C9<>E9,"Length differs","Match")))) -> Only in reference | G9: Add if required; derive from EX
A10: RFICDTC | B10: char | C10: 20 | D10: char | E10: 19 | F10: =IF(B10="","Only in new",IF(D10="","Only in reference",IF(B10<>D10,"Type differs",IF(C10<>E10,"Length differs","Match")))) -> Length differs
A11: RFPENDTC | B11: char | C11: 20 | F11: =IF(B11="","Only in new",IF(D11="","Only in reference",IF(B11<>D11,"Type differs",IF(C11<>E11,"Length differs","Match")))) -> Only in reference | G11: Add if required; derive from DS
A12: DTHDTC | B12: char | C12: 20 | D12: char | E12: 19 | F12: =IF(B12="","Only in new",IF(D12="","Only in reference",IF(B12<>D12,"Type differs",IF(C12<>E12,"Length differs","Match")))) -> Length differs | G12: New is blank: no death data in raw_dm.csv
A13: DTHFL | B13: char | C13: 1 | D13: char | E13: 1 | F13: =IF(B13="","Only in new",IF(D13="","Only in reference",IF(B13<>D13,"Type differs",IF(C13<>E13,"Length differs","Match")))) -> Match | G13: New is blank: no death data in raw_dm.csv
A14: SITEID | B14: char | C14: 3 | D14: char | E14: 10 | F14: =IF(B14="","Only in new",IF(D14="","Only in reference",IF(B14<>D14,"Type differs",IF(C14<>E14,"Length differs","Match")))) -> Length differs
A15: BRTHDTC | D15: char | E15: 10 | F15: =IF(B15="","Only in new",IF(D15="","Only in reference",IF(B15<>D15,"Type differs",IF(C15<>E15,"Length differs","Match")))) -> Only in new | G15: Not in reference (likely removed for de-identification); consider dropping
A16: AGE | B16: num | C16: 8 | D16: num | E16: 8 | F16: =IF(B16="","Only in new",IF(D16="","Only in reference",IF(B16<>D16,"Type differs",IF(C16<>E16,"Length differs","Match")))) -> Match | G16: New derived at consent date; ref age range 50-89
A17: AGEU | B17: char | C17: 6 | D17: char | E17: 5 | F17: =IF(B17="","Only in new",IF(D17="","Only in reference",IF(B17<>D17,"Type differs",IF(C17<>E17,"Length differs","Match")))) -> Length differs
A18: SEX | B18: char | C18: 1 | D18: char | E18: 20 | F18: =IF(B18="","Only in new",IF(D18="","Only in reference",IF(B18<>D18,"Type differs",IF(C18<>E18,"Length differs","Match")))) -> Length differs | G18: Spec says Char 1
A19: RACE | B19: char | C19: 78 | D19: char | E19: 60 | F19: =IF(B19="","Only in new",IF(D19="","Only in reference",IF(B19<>D19,"Type differs",IF(C19<>E19,"Length differs","Match")))) -> Length differs | G19: New has 5 of 15 blank (codes EA, HP, O unmapped)
A20: ETHNIC | B20: char | C20: 25 | D20: char | E20: 40 | F20: =IF(B20="","Only in new",IF(D20="","Only in reference",IF(B20<>D20,"Type differs",IF(C20<>E20,"Length differs","Match")))) -> Length differs | G20: New is blank: no source in raw_dm.csv
A21: ARMCD | B21: char | C21: 8 | D21: char | E21: 20 | F21: =IF(B21="","Only in new",IF(D21="","Only in reference",IF(B21<>D21,"Type differs",IF(C21<>E21,"Length differs","Match")))) -> Length differs | G21: New is blank: no source in raw_dm.csv
A22: ARM | B22: char | C22: 20 | D22: char | E22: 200 | F22: =IF(B22="","Only in new",IF(D22="","Only in reference",IF(B22<>D22,"Type differs",IF(C22<>E22,"Length differs","Match")))) -> Length differs | G22: New is blank: no source in raw_dm.csv
A23: ACTARMCD | B23: char | C23: 8 | F23: =IF(B23="","Only in new",IF(D23="","Only in reference",IF(B23<>D23,"Type differs",IF(C23<>E23,"Length differs","Match")))) -> Only in reference | G23: Add if required; from treatment data
A24: ACTARM | B24: char | C24: 20 | F24: =IF(B24="","Only in new",IF(D24="","Only in reference",IF(B24<>D24,"Type differs",IF(C24<>E24,"Length differs","Match")))) -> Only in reference | G24: Add if required; from treatment data
A25: COUNTRY | B25: char | C25: 3 | D25: char | E25: 3 | F25: =IF(B25="","Only in new",IF(D25="","Only in reference",IF(B25<>D25,"Type differs",IF(C25<>E25,"Length differs","Match")))) -> Match | G25: New is blank: no source in raw_dm.csv
A26: DMDTC | B26: char | C26: 10 | F26: =IF(B26="","Only in new",IF(D26="","Only in reference",IF(B26<>D26,"Type differs",IF(C26<>E26,"Length differs","Match")))) -> Only in reference | G26: Add if required
A27: DMDY | B27: num | C27: 8 | F27: =IF(B27="","Only in new",IF(D27="","Only in reference",IF(B27<>D27,"Type differs",IF(C27<>E27,"Length differs","Match")))) -> Only in reference | G27: Add if required; derive from DMDTC and RFSTDTC
A29: Source: PROC CONTENTS / dictionary.columns on reference DM (tabulations/sdtm_datasets) and new DM (use_case/sdtm_out), run 28Oct2026. Status is a formula.

Sheet Content
A1: Value distributions
A3: Measure | B3: Reference n | C3: Reference % | D3: New n | E3: New %
A4: Age
A5: Minimum | B5: 50 | D5: 53
A6: Maximum | B6: 89 | D6: 80
A7: Mean | B7: 75.08824 | D7: 67.53333
A8: Sex
A9: F | B9: 179 | C9: =B9/B$11 -> 0.58496732 | D9: 9 | E9: =D9/D$11 -> 0.6
A10: M | B10: 127 | C10: =B10/B$11 -> 0.41503268 | D10: 6 | E10: =D10/D$11 -> 0.4
A11: Total | B11: =SUM(B9:B10) -> 306 | D11: =SUM(D9:D10) -> 15
A12: Race
A13: WHITE | B13: 273 | C13: =B13/B$18 -> 0.89215686 | D13: 7 | E13: =D13/D$18 -> 0.46666667
A14: BLACK OR AFRICAN AMERICAN | B14: 29 | C14: =B14/B$18 -> 0.094771242 | D14: 2 | E14: =D14/D$18 -> 0.13333333
A15: ASIAN | B15: 2 | C15: =B15/B$18 -> 0.0065359477 | D15: 1 | E15: =D15/D$18 -> 0.066666667
A16: AMERICAN INDIAN OR ALASKA NATIVE | B16: 2 | C16: =B16/B$18 -> 0.0065359477 | D16: 0 | E16: =D16/D$18 -> 0
A17: (blank) | B17: 0 | C17: =B17/B$18 -> 0 | D17: 5 | E17: =D17/D$18 -> 0.33333333
A18: Total | B18: =SUM(B13:B17) -> 306 | D18: =SUM(D13:D17) -> 15
A19: Population status of selected variables
A20: ETHNIC | B20: Populated | D20: Blank
A21: ARMCD | B21: Populated | D21: Blank
A22: ARM | B22: Populated | D22: Blank
A23: COUNTRY | B23: Populated | D23: Blank
A24: RFSTDTC | B24: Populated where applicable | D24: Blank
A25: RFENDTC | B25: Populated where applicable | D25: Blank
A26: DTHDTC | B26: Populated where applicable | D26: Blank
A28: Reference sex, race and age from REF.DM (306 subjects); new values from SDTM.DM (15 subjects). Totals and percentages are formulas.

Sheet Next steps
A1: # | B1: Action | C1: Why | D1: Owner | E1: Status
A2: 1 | B2: Decide the USUBJID convention (01-<site>-<subjid> vs CDISCPILOT01-<site>-<subjid>) | C2: Reference uses 01-701-1015 style; also matches the 01-INV-CTPATNO hint in the use-case notes | E2: Open
A3: 2 | B3: Align variable lengths and add the missing permissible variables | C3: 14 shared variables differ in length; 7 reference variables are absent | E3: Open
A4: 3 | B4: Decide whether to keep BRTHDTC | C4: Not in the reference dataset; possible de-identification requirement | E4: Open
A5: 4 | B5: Find sources for ETHNIC, ARMCD/ARM and COUNTRY | C5: No columns for these in raw_dm.csv | E5: Open
A6: 5 | B6: Confirm race codes EA, HP and O | C6: 5 of 15 subjects currently have blank RACE | E6: Open
A7: 6 | B7: Rerun comparison on matching subjects | C7: Needs the raw data for the reference subjects to enable a value-level PROC COMPARE | E7: Open
A9: Owner and Status columns are for you to fill in.
